"BGS,  DFID,  DPHE",,,,,,,,,,,,,,,,,,,,,,,,,,,,,,,,,,,,,,,,,,,,,,,,,,,,,,,,,,,,,,,,,,
Groundwater Studies of Arsenic Contamination in Bangladesh,,,,,,,,,,,,,,,,,,,,,,,,,,,,,,,,,,,,,,,,,,,,,,,,,,,,,,,,,,,,,,,,,,
BWDB Water Quality Monitoring Network Data,,,,,,,,,,,,,,,,,,,,,,,,,,,,,,,,,,,,,,,,,,,,,,,,,,,,,,,,,,,,,,,,,,
Release date: 25 May 2000,,,,,,,,,,,,,,,,,,,,,,,,,,,,,,,,,,,,,,,,,,,,,,,,,,,,,,,,,,,,,,,,,,
SAMPLE_ID,SAMPLE_FIELD_ID,SAMPLE_DATE,LAT_DEG,LONG_DEG,WELL_TYPE,WELL_DEPTH,DIVISION,DISTRICT,THANA,UNION,MOUZA,GEOCODE,,As,Al,B_,Ba,Be,Ca,Cd,Ce,Cl,Co,Cr,Cs,Cu,Dy,Er,Eu,F,Fe,Gd,HCO3,Ho,I,K,La,Li,Lu,Mg,Mn,Mo,Na,Nd,NH4-N,Ni,NO2-N,NO3-N,P,Pb,Pr,Rb,Sb,Si,Sm,Sn,SO4,Sr,Tb,Tl,Tm,U,V,Y,Yb,Zn
,,,,,,m,,,,,,,,ug/L,ug/L,mg/L,mg/L,ug/L,mg/L,ug/L,ug/L,mg/L,ug/L,ug/L,ug/L,ug/L,ug/L,ug/L,ug/L,mg/L,mg/L,ug/L,mg/L,ug/L,mg/L,mg/L,ug/L,ug/L,ug/L,mg/L,mg/L,ug/L,mg/L,ug/L,mg/L,ug/L,mg/L,mg/L,mg/L,ug/L,ug/L,ug/L,ug/L,mg/L,ug/L,ug/L,mg/L,mg/L,ug/L,ug/L,ug/L,ug/L,ug/L,ug/L,ug/L,ug/L
S98_01785,SAT-1,23/07/98,26.4790,88.5140,HTW,9,Rajshahi,Panchagarh,Tetulia,Satmara,Satmara,57790,S98_01785,1,7,< 0.01,0.031,0.05,13.6,0.28,0.013,30.6,0.18,< 0.5,0.6,1,0.01,< 0.01,< 0.006,0.07,0.06,< 0.01,34,< 0.005,0.0013,10.9,0.009,0.8,< 0.005,3.97,0.05,0.2,21.3,< 0.01,< 0.02,1.1,0.008,7.6,< 0.2,2.58,< 0.005,32,0.05,12.3,< 0.01,1,9.7,0.0786,< 0.005,0.06,< 0.005,0.16,< 0.2,0.03,< 0.008,10
S98_01786,130DA-2,,25.7000,88.5000,HTW,15,Rajshahi,Panchagarh,Boda,Boda,Boda,57725,S98_01786,2.2,2,< 0.01,0.017,< 0.05,12.8,0.19,0.006,10,0.32,< 0.5,< 0.05,< 1,< 0.01,< 0.01,< 0.006,0.1,6.21,< 0.01,68,< 0.005,0.0021,2.2,< 0.005,0.7,< 0.005,4.09,0.323,0.2,7.1,< 0.01,< 0.02,1,0.004,< 0.2,< 0.2,0.5,< 0.005,5.7,< 0.02,22,< 0.01,0.8,2.4,0.071,< 0.005,< 0.01,< 0.005,0.02,< 0.2,0.006,< 0.008,22
S98_01787,TA-2/B,20/07/98,24.0880,90.1700,HTW,37,Dhaka,Tangail,Mirzapur,Gurai,Gurai,39366,S98_01787,1.1,14,< 0.01,0.031,< 0.05,28.8,< 0.02,0.031,2.5,0.56,< 0.5,< 0.05,3,< 0.01,< 0.01,< 0.006,0.34,1.48,< 0.01,215,< 0.005,0.0078,0.8,0.017,4.8,< 0.005,11,0.63,0.2,25.1,0.01,< 0.02,11.6,< 0.004,< 0.2,< 0.2,0.43,0.006,0.7,0.03,25.1,< 0.01,1.9,1.1,0.18,< 0.005,< 0.01,< 0.005,0.48,3,0.029,< 0.008,20
S98_01788,BALI-3,23/07/98,26.0830,88.2790,HTW,18,Rajshahi,Thakurgaon,Baliadangi,Baliadanga,Baliadanga,59408,S98_01788,1.1,4,< 0.01,0.018,< 0.05,15.8,0.27,0.009,14.5,0.1,< 0.5,< 0.05,< 1,< 0.01,< 0.01,< 0.006,0.08,0.24,< 0.01,57,< 0.005,0.0012,2.6,0.011,0.7,< 0.005,4.22,0.032,< 0.1,11.7,< 0.01,< 0.02,1.4,0.018,3,< 0.2,2.84,< 0.005,1,< 0.02,11.5,< 0.01,1.3,6.3,0.0545,< 0.005,< 0.01,< 0.005,0.07,< 0.2,0.068,< 0.008,58
S98_01789,SALN-4,23/07/98,26.0540,88.5330,HTW,37,Rajshahi,Thakurgaon,Thakurgaon Sadar,Salander,Salander,59494,S98_01789,< 0.5,4,< 0.01,0.016,< 0.05,9.24,0.12,0.007,14.2,0.18,< 0.5,< 0.05,< 1,< 0.01,< 0.01,< 0.006,0.03,1.38,< 0.01,17,< 0.005,0.0013,4.2,< 0.005,3.1,< 0.005,2.42,0.085,< 0.1,7.2,< 0.01,< 0.02,0.8,0.079,3.9,< 0.2,0.78,< 0.005,1.7,< 0.02,15.5,< 0.01,0.8,4.4,0.0477,< 0.005,< 0.01,< 0.005,0.02,< 0.2,0.028,< 0.008,14
S98_01790,JA-4/B,19/07/98,24.9100,89.9460,HTW,26,Dhaka,Jamalpur,Jamalpur Sadar,Jamalpur,Fulbaria,33936,S98_01790,1.7,7,< 0.01,0.046,< 0.05,20.6,< 0.02,0.016,14.5,0.14,< 0.5,< 0.05,< 1,< 0.01,< 0.01,< 0.006,0.14,0.26,< 0.01,127,< 0.005,0.0028,0.9,0.011,1,< 0.005,7.25,0.102,< 0.1,19.5,< 0.01,< 0.02,2.4,< 0.004,< 0.2,0.2,2.95,< 0.005,0.3,0.04,26.6,< 0.01,1,1.9,0.18,< 0.005,< 0.01,< 0.005,< 0.01,3.1,0.009,< 0.008,66
S98_01791,KABIR-5,24/07/98,25.9030,88.6000,HTW,30,Rajshahi,Dinajpur,Birganj,Birgong,Kbirashat,52712,S98_01791,< 0.5,2,< 0.01,0.015,< 0.05,13.7,0.12,0.007,16.7,0.28,< 0.5,< 0.05,< 1,< 0.01,< 0.01,< 0.006,0.06,0.17,< 0.01,56,< 0.005,0.001,1.6,< 0.005,2.2,< 0.005,6.57,0.142,< 0.1,9.9,< 0.01,< 0.02,1,0.008,3.3,< 0.2,0.65,< 0.005,0.3,< 0.02,15.1,< 0.01,1.2,1.6,0.078,< 0.005,< 0.01,< 0.005,0.05,< 0.2,0.01,< 0.008,17
S98_01792,RANI-6,23/07/98,25.9010,88.2540,HTW,30,Rajshahi,Thakurgaon,Ranisankail,Ranisanwail,Ranisanwail,59486,S98_01792,0.8,4,< 0.01,0.017,< 0.05,22.3,0.66,0.007,20.9,0.15,< 0.5,< 0.05,< 1,< 0.01,< 0.01,< 0.006,0.06,0.293,< 0.01,37,< 0.005,0.006,3.4,< 0.005,3,< 0.005,7.49,0.029,< 0.1,10.1,< 0.01,< 0.02,1.7,0.028,12.5,< 0.2,1.23,< 0.005,0.3,< 0.02,15.1,< 0.01,0.7,4.8,0.0951,< 0.005,< 0.01,< 0.005,0.15,< 0.2,0.022,< 0.008,
S98_01793,SIBRM-7,24/07/98,25.6650,88.6520,HTW,18,Rajshahi,Dinajpur,Dinajpur Sadar,Sibrampur,Sibrampur,52764,S98_01793,< 0.5,8,< 0.01,0.007,< 0.05,4.55,0.16,0.01,6.6,< 0.05,0.7,< 0.05,4,< 0.01,< 0.01,< 0.006,0.08,0.027,< 0.01,60,< 0.005,0.008,2.6,0.009,0.3,< 0.005,2.07,0.008,< 0.1,23,< 0.01,< 0.02,0.9,< 0.004,2.8,< 0.2,2.37,< 0.005,0.9,< 0.02,8.05,< 0.01,1.3,4.5,0.0199,< 0.005,< 0.01,< 0.005,0.03,0.6,0.042,< 0.008,14
S98_01794,PARBT-8,24/07/98,25.6530,88.9150,HTW,20,Rajshahi,Dinajpur,Parbatipur,Parbatipur,Parbatipur,52777,S98_01794,0.8,4,< 0.01,0.048,< 0.05,23.8,0.14,0.009,32.3,0.62,< 0.5,< 0.05,< 1,< 0.01,< 0.01,< 0.006,0.2,1.65,< 0.01,120,< 0.005,0.0046,2.5,< 0.005,2,< 0.005,10.2,0.647,0.1,23.8,< 0.01,< 0.02,1.3,< 0.004,< 0.2,< 0.2,0.97,< 0.005,8.2,< 0.02,22,< 0.01,1.3,15.4,0.157,< 0.005,0.02,< 0.005,0.05,< 0.2,0.01,< 0.008,23
S98_01795,HAKM-9,22/07/98,25.2880,89.0210,HTW,21,Rajshahi,Dinajpur,Hakimpur,Hakimpur,Hakimpur,52747,S98_01795,0.9,3,0.02,0.016,< 0.05,21.9,0.08,0.007,21.2,0.58,< 0.5,< 0.05,< 1,< 0.01,< 0.01,< 0.006,0.07,0.224,< 0.01,106,< 0.005,0.003,1.6,< 0.005,2.4,< 0.005,9.01,0.469,< 0.1,14.5,< 0.01,< 0.02,3.3,< 0.004,1.4,< 0.2,0.16,< 0.005,0.2,< 0.02,12.7,< 0.01,1,7.3,0.188,< 0.005,< 0.01,< 0.005,0.02,0.6,0.042,< 0.008,21
S98_01796,CHIL-10,25/07/98,26.1000,88.8000,HTW,24,Rajshahi,Nilphamari,Domar,Chilahati,Chilahati,57315,S98_01796,< 0.5,4,< 0.01,0.015,< 0.05,15.5,0.06,0.02,13.4,0.56,< 0.5,< 0.05,< 1,< 0.01,0.02,< 0.006,0.16,0.356,< 0.01,95,< 0.005,0.016,2.8,0.012,0.8,< 0.005,3.74,6.2,< 0.1,12.1,< 0.01,< 0.02,0.7,< 0.004,< 0.2,< 0.2,0.24,< 0.005,0.2,< 0.02,12.9,0.01,1.5,< 0.2,0.115,< 0.005,< 0.01,< 0.005,0.02,< 0.2,0.204,0.012,13
S98_01797,NIL-11,24/07/98,25.9000,88.8000,HTW,18,Rajshahi,Nilphamari,Nilphamari Sadar,Nilphamari,Nilphamari,57364,S98_01797,1.9,3,< 0.01,0.022,< 0.05,13.8,0.02,0.005,32.9,0.53,< 0.5,< 0.05,< 1,< 0.01,< 0.01,0.007,0.19,0.837,< 0.01,46,< 0.005,0.0051,2.7,< 0.005,3,< 0.005,4.31,1.48,0.4,25.4,< 0.01,0.37,0.8,0.004,< 0.2,< 0.2,0.33,< 0.005,2.7,0.03,15.8,< 0.01,1.3,4.3,0.0652,< 0.005,< 0.01,< 0.005,0.02,< 0.2,0.011,0.014,3
S98_01798,BRUT-12,25/07/98,26.2030,89.1100,HTW,,Rajshahi,Lalmonirhat,Hatibandha,Barakhta,Barakhta,55233,S98_01798,< 0.5,16,0.02,0.062,< 0.05,16.4,0.39,0.017,33.4,0.19,2.6,0.51,1,< 0.01,0.01,< 0.006,0.1,0.271,< 0.01,37,< 0.005,0.0024,13.6,0.009,0.3,< 0.005,2.67,0.212,0.5,14,0.01,< 0.02,1.2,0.015,8.3,< 0.2,7.58,< 0.005,38.2,0.11,8.12,< 0.01,1.3,6.9,0.0693,< 0.005,0.11,< 0.005,0.27,0.8,0.039,0.01,12
S98_01799,JAL-13,25/07/98,25.9310,88.8380,HTW,27,Rajshahi,Nilphamari,Jaldhaka,Jaldhaka,Jaldhaka,57336,S98_01799,< 0.5,3,< 0.01,0.006,< 0.05,8.09,0.06,0.005,3.1,0.09,< 0.5,< 0.05,< 1,< 0.01,< 0.01,< 0.006,0.07,0.018,< 0.01,44,< 0.005,< 0.0008,2.4,< 0.005,0.2,< 0.005,1.01,0.222,< 0.1,6.2,< 0.01,< 0.02,0.5,< 0.004,< 0.2,< 0.2,0.35,< 0.005,3.5,0.03,9.56,< 0.01,0.8,1.6,0.0356,< 0.005,0.03,< 0.005,0.17,0.8,0.008,< 0.008,11
S98_01800,RANG-14,26/07/98,25.7520,89.2530,HTW,18,Rajshahi,Rangpur,Rangpur Sadar,Rangipur,Rangipur,58549,S98_01800,< 0.5,4,0.01,0.024,< 0.05,13.3,0.15,0.011,3.5,0.32,< 0.5,< 0.05,1,< 0.01,0.01,< 0.006,0.12,0.988,< 0.01,31,< 0.005,0.0013,7,0.02,0.6,< 0.005,2.24,0.133,0.3,10.1,0.02,< 0.02,2.4,0.023,3.3,< 0.2,0.71,< 0.005,5.4,0.27,11.5,< 0.01,1.4,27.6,0.0248,< 0.005,0.01,< 0.005,0.07,< 0.2,0.103,0.013,96
S98_01801,LALM-15,25/07/98,25.9130,89.4360,HTW,14,Rajshahi,Lalmonirhat,Lalmonirhat Sadar,Lalmonihat,Lalmonihat,55255,S98_01801,4,4,< 0.01,0.034,< 0.05,9.19,0.09,0.038,8.1,0.13,0.6,0.08,1,0.02,0.02,0.007,0.12,9.07,< 0.01,46,< 0.005,0.0021,4,0.019,0.7,< 0.005,2.27,0.691,0.6,7.3,0.03,< 0.02,1.3,< 0.004,< 0.2,0.5,1.31,0.005,14.3,0.03,11.7,0.01,1.5,3.1,0.0463,< 0.005,0.05,< 0.005,0.01,0.3,0.109,0.008,20
S98_01802,NAGUR-16,26/07/98,25.9650,89.6710,HTW,18,Rajshahi,Kurigram,Nageshwari,Nagieshwari,Nagieshwari,54961,S98_01802,< 0.5,4,0.03,0.073,< 0.05,41.6,0.2,0.053,52.4,1.19,< 0.5,< 0.05,1,0.03,0.03,0.018,0.2,0.182,0.03,187,0.01,0.0057,9.3,0.05,1.6,< 0.005,14,1.96,< 0.1,33.3,0.06,< 0.02,3,0.015,2.9,< 0.2,0.8,0.011,0.2,0.05,14.2,< 0.01,1.1,13.7,0.201,< 0.005,< 0.01,< 0.005,0.41,0.4,0.296,0.026,17
S98_01803,ULI-17,26/07/98,25.6530,89.6230,HTW,18,Rajshahi,Kurigram,Ulipur,Ulipur,Ulipur,54994,S98_01803,0.6,5,< 0.01,0.024,< 0.05,19.7,0.08,0.011,7.7,0.52,< 0.5,< 0.05,< 1,< 0.01,0.01,< 0.006,0.2,2.13,< 0.01,122,< 0.005,0.0038,2.3,0.008,3,< 0.005,9.61,0.242,0.2,12.1,< 0.01,< 0.02,2,0.012,0.3,< 0.2,0.96,< 0.005,0.6,0.04,16.8,< 0.01,1.1,6.5,0.0806,< 0.005,< 0.01,< 0.005,0.12,0.7,0.02,< 0.008,10
S98_01804,BAMAN,26/07/98,25.5320,89.4460,,18,Rajshahi,Gaibandha,Sundarganj,Bamandaga,Bamandaga,53291,S98_01804,< 0.5,6,< 0.01,0.058,< 0.05,36.2,0.07,0.013,97,0.36,< 0.5,< 0.05,< 1,< 0.01,< 0.01,< 0.006,0.19,0.084,< 0.01,145,< 0.005,< 0.0008,14.4,0.01,0.5,< 0.005,12.2,0.179,1.4,56.5,0.01,< 0.02,1.5,0.012,0.6,< 0.2,1.06,< 0.005,0.2,0.05,9.53,< 0.01,0.9,21.1,0.114,< 0.005,< 0.01,< 0.005,3.13,0.6,0.049,< 0.008,
S98_01805,BOA-19,27/07/98,25.3180,89.5500,HTW,18,Rajshahi,Gaibandha,Gaibandha Sadar,Boalia,Boalia,53224,S98_01805,< 0.5,3,< 0.01,0.044,< 0.05,28.9,< 0.02,0.005,26.5,0.13,< 0.5,< 0.05,< 1,< 0.01,< 0.01,< 0.006,0.33,0.054,< 0.01,182,< 0.005,< 0.0008,2,< 0.005,3.4,< 0.005,17.1,0.478,0.4,18.5,< 0.01,< 0.02,1.1,0.044,< 0.2,< 0.2,0.34,< 0.005,2.3,0.02,17.5,< 0.01,1.7,2.2,0.098,< 0.005,< 0.01,< 0.005,0.1,< 0.2,0.007,< 0.008,7
S98_01806,GABIN-20,27/07/98,25.1340,89.3870,,12,Rajshahi,Gaibandha,Gobindaganj,Gabindagons,Gabindagons,53230,S98_01806,< 0.5,4,0.03,0.05,< 0.05,25.9,0.05,< 0.005,36.8,0.21,< 0.5,< 0.05,2,< 0.01,< 0.01,0.01,0.34,0.016,0.01,140,< 0.005,0.0017,16.7,< 0.005,0.9,< 0.005,9.42,0.067,1.9,26.5,< 0.01,< 0.02,1.5,< 0.004,1.5,< 0.2,0.48,< 0.005,0.5,0.03,12.6,< 0.01,1.1,11.5,0.0787,< 0.005,< 0.01,< 0.005,0.68,1,0.024,0.016,7
S98_01807,MADR-21,22/07/98,25.1090,89.0360,HTW,15,Rajshahi,Jaipurhat,Jaipurhat Sadar,Madergonj,Madergonj,53847,S98_01807,< 0.5,2,< 0.01,0.023,< 0.05,21.8,0.16,0.005,8.5,0.33,< 0.5,< 0.05,< 1,< 0.01,< 0.01,< 0.006,0.3,0.976,< 0.01,146,< 0.005,0.0034,1.3,< 0.005,6.9,< 0.005,11.8,0.566,< 0.1,12.6,< 0.01,< 0.02,1.6,< 0.004,< 0.2,< 0.2,0.23,< 0.005,4.4,< 0.02,25.4,< 0.01,3.3,2.7,0.114,< 0.005,0.01,< 0.005,0.02,< 0.2,0.006,< 0.008,91
S98_01808,SANTA-22,22/07/98,24.8040,88.9690,HTW,18,Rajshahi,Bogra,Adamdighi,Santahar,Santahar,51006,S98_01808,< 0.5,3,0.02,0.038,< 0.05,62.6,0.11,0.01,97.2,1.2,< 0.5,< 0.05,1,< 0.01,< 0.01,< 0.006,0.3,0.04,< 0.01,251,< 0.005,0.0195,0.9,0.008,12.4,< 0.005,24.7,0.435,< 0.1,68.1,< 0.01,< 0.02,7.5,0.009,3.2,< 0.2,0.39,< 0.005,0.2,0.03,20.4,0.01,0.9,48.8,0.266,< 0.005,< 0.01,< 0.005,0.34,1.3,0.083,< 0.008,42
S98_01809,GIOKU-23,27/07/98,24.9330,89.3480,HTW,18,Rajshahi,Bogra,Bogra Sadar,Giokul,Giokul,51020,S98_01809,< 0.5,15,0.01,0.006,< 0.05,11,0.08,0.014,4.9,0.42,< 0.5,< 0.05,< 1,< 0.01,< 0.01,< 0.006,0.32,0.023,< 0.01,100,< 0.005,0.0028,0.7,< 0.005,1.4,< 0.005,6.48,1.53,< 0.1,15.2,< 0.01,< 0.02,1.1,< 0.004,< 0.2,< 0.2,0.58,< 0.005,< 0.1,< 0.02,20.1,< 0.01,1.3,3.2,0.0872,< 0.005,< 0.01,< 0.005,0.02,1.5,0.022,< 0.008,19
S98_01810,PATNI-29,22/07/98,25.0500,88.7500,HTW,15,Rajshahi,Naogaon,Patnitala,Patnitala,Patnitala,56475,S98_01810,0.5,3,< 0.01,0.002,< 0.05,6.42,< 0.02,< 0.005,2.8,0.09,< 0.5,< 0.05,< 1,< 0.01,< 0.01,< 0.006,0.43,0.08,< 0.01,65,< 0.005,0.0028,0.4,< 0.005,1,< 0.005,3.35,0.131,< 0.1,13.4,< 0.01,< 0.02,2.1,< 0.004,< 0.2,< 0.2,0.2,< 0.005,< 0.1,0.02,17.5,< 0.01,1.1,2.2,0.0289,< 0.005,< 0.01,< 0.005,0.01,1.5,0.008,< 0.008,14
S98_01811,MAND-25,22/07/98,24.7930,88.7010,HTW,30,Rajshahi,Naogaon,Manda,Manda,Manda,56447,S98_01811,0.5,4,< 0.01,0.008,< 0.05,10.7,0.05,0.006,3.4,0.38,< 0.5,< 0.05,< 1,< 0.01,< 0.01,< 0.006,0.21,0.354,< 0.01,97,< 0.005,0.0426,0.5,< 0.005,2.4,< 0.005,5.1,0.381,< 0.1,16.4,< 0.01,< 0.02,8,< 0.004,< 0.2,0.2,0.34,< 0.005,< 0.1,< 0.02,20.7,< 0.01,1.7,0.7,0.0723,< 0.005,< 0.01,< 0.005,0.03,1.1,0.017,< 0.008,50
S98_01812,PIR-25,27/07/98,22.3650,89.9330,,,Barisal,Pirojpur,Mathbaria,,Burirchar,17958,S98_01812,5.6,,1.95,1.03,< 0.05,35,< 0.02,0.049,7140,0.21,1.2,0.15,3,0.02,0.03,< 0.006,< 0.01,0.078,0.02,165,< 0.005,5.84,33.2,0.034,24.8,< 0.005,1.83,0.006,0.6,4970,0.02,7.2,1.5,0.007,< 0.2,5.3,1.5,0.008,19.4,0.23,0.19,0.02,0.5,0.6,4.01,< 0.005,0.3,0.006,0.02,0.6,0.066,0.011,
S98_01813,RAHAN-26,21/07/98,24.8000,88.2000,HTW,30,Rajshahi,Nawabganj,Gomastapur,Rahandur,Rahandur,57037,S98_01813,1,3,0.04,0.04,< 0.05,56.4,< 0.02,< 0.005,3.9,0.29,< 0.5,< 0.05,< 1,< 0.01,< 0.01,< 0.006,0.35,1.24,< 0.01,347,< 0.005,0.0878,0.9,< 0.005,6.9,< 0.005,13.7,0.072,0.2,44.2,< 0.01,< 0.02,2.1,< 0.004,< 0.2,0.2,0.27,< 0.005,0.3,< 0.02,19.2,< 0.01,2.4,6.2,0.243,< 0.005,< 0.01,< 0.005,1.11,< 0.2,0.008,< 0.008,78
S98_01814,PIR-26,27/07/98,22.3650,89.9330,HTW,37,Barisal,Pirojpur,Mathbaria,,Burirchar,17958,S98_01814,1.4,13,0.83,0.625,< 0.05,105,0.09,0.037,9140,0.48,1.2,0.27,4,0.03,0.04,0.11,< 0.01,0.086,0.02,96,0.016,2.72,126,0.046,28.8,0.012,283,0.044,0.8,5450,0.04,28.7,4,0.561,0.5,1.1,0.65,0.017,11.1,0.17,0.08,0.05,0.7,< 0.2,2.39,0.016,8.76,0.011,0.03,< 0.2,0.056,0.014,71
S98_01815,SHIB-27,21/07/98,24.6840,88.1570,Piez,61,Rajshahi,Nawabganj,Shibganj (N),Shibgong,Shibgong,57088,S98_01815,0.6,4,0.03,0.115,< 0.05,137,0.03,0.01,9.1,1.18,< 0.5,< 0.05,< 1,< 0.01,< 0.01,< 0.006,0.31,0.03,< 0.01,512,< 0.005,0.0189,2.4,0.006,16.6,< 0.005,42.2,0.662,0.6,63.7,< 0.01,< 0.02,3.4,< 0.004,< 0.2,0.2,0.23,< 0.005,0.4,0.03,15.8,< 0.01,1.4,46.4,0.461,< 0.005,< 0.01,< 0.005,6,1.4,0.062,< 0.008,11
S98_01816,PIR-27,27/07/98,22.3650,89.9330,HTW,27,Barisal,Pirojpur,Mathbaria,,Burirchar,17958,S98_01816,14.6,,0.35,0.025,< 0.05,17.3,0.05,0.457,242,0.44,1.6,0.06,5,0.05,0.02,0.016,0.17,0.426,0.03,569,0.007,0.061,6.8,0.204,3.3,< 0.005,17.9,0.131,3.8,317,0.19,< 0.02,2.2,< 0.004,0.8,7.9,1.49,0.053,3.1,0.13,19.7,0.06,0.8,12.3,0.146,0.007,0.14,< 0.005,0.18,3.2,0.193,0.021,58
S98_01817,GIODA-28,21/07/98,24.4610,88.3280,HTW,30,Rajshahi,Rajshahi,Godagari,Giodagari,Giodagari,58134,S98_01817,0.5,3,0.01,0.027,< 0.05,37.3,< 0.02,0.006,6.9,0.15,< 0.5,< 0.05,< 1,< 0.01,< 0.01,0.006,0.44,0.174,< 0.01,242,< 0.005,0.0113,0.6,< 0.005,5,< 0.005,9.71,0.103,0.2,33.9,< 0.01,< 0.02,1.5,< 0.004,< 0.2,< 0.2,0.19,< 0.005,0.2,< 0.02,19.7,< 0.01,1.2,5.2,0.173,< 0.005,< 0.01,< 0.005,0.29,3.4,0.007,< 0.008,7
S98_01818,SAPU-29,21/07/98,24.3740,88.5580,HTW,37,Rajshahi,Rajshahi,Rajpara,Sapura,Sapura,58185,S98_01818,1.7,4,0.02,0.063,< 0.05,148,< 0.02,0.008,78,1.28,< 0.5,< 0.05,1,< 0.01,< 0.01,0.013,0.62,0.014,< 0.01,396,< 0.005,0.0225,1.7,< 0.005,4.5,< 0.005,36.2,2.54,1.6,40.7,< 0.01,< 0.02,4.5,< 0.004,< 0.2,< 0.2,0.26,< 0.005,0.2,< 0.02,16.1,< 0.01,0.9,14.9,0.476,< 0.005,< 0.01,< 0.005,6.84,2.1,0.109,0.009,20
S98_01819,CHAR-30,20/07/98,24.3040,88.7380,HTW,18,Rajshahi,Rajshahi,Charghat,Charghat,Charghat,58125,S98_01819,< 0.5,4,0.02,0.098,< 0.05,138,0.02,0.01,2.9,0.51,< 0.5,< 0.05,< 1,< 0.01,< 0.01,0.011,0.23,0.03,< 0.01,399,< 0.005,0.0298,2,0.006,10.8,< 0.005,30.5,1.28,0.9,26.8,< 0.01,< 0.02,3.5,< 0.004,< 0.2,< 0.2,0.2,< 0.005,7.1,< 0.02,17.9,< 0.01,1.2,1.8,0.371,< 0.005,0.02,< 0.005,3.63,< 0.2,0.088,< 0.008,13
S98_01820,NAT-31,20/07/98,24.4140,89.9880,HTW,27,Rajshahi,Natore,Natore Sadar,Natore,Natore,56963,S98_01820,5.5,4,0.02,0.142,< 0.05,177,0.03,< 0.005,120,0.6,< 0.5,< 0.05,1,< 0.01,< 0.01,0.022,0.46,0.032,< 0.01,392,< 0.005,0.0473,3.4,0.006,8,< 0.005,42.6,0.766,0.5,38.5,< 0.01,< 0.02,5.5,< 0.004,< 0.2,< 0.2,0.21,< 0.005,1.2,0.04,17,0.02,0.8,11.9,0.831,< 0.005,< 0.01,< 0.005,7.16,0.3,0.035,< 0.008,
S98_01821,SING-32,20/07/98,24.5060,89.1430,TARA,18,Rajshahi,Natore,Singra,Singra,Singra,56991,S98_01821,< 0.5,3,0.02,0.09,< 0.05,159,0.03,0.008,126,0.89,< 0.5,< 0.05,1,< 0.01,< 0.01,0.015,0.15,0.037,< 0.01,361,< 0.005,0.0316,1,0.005,10.7,< 0.005,40.8,0.846,0.2,55,< 0.01,< 0.02,4.7,< 0.004,< 0.2,< 0.2,0.16,< 0.005,0.2,0.03,18,< 0.01,1.1,31,0.361,< 0.005,< 0.01,< 0.005,7.27,0.9,0.079,< 0.008,19
S98_01822,LAL-33,20/07/98,24.1790,88.9660,HTW,27,Rajshahi,Natore,Lalpur,Lalpur,Lalpur,56944,S98_01822,0.9,5,0.02,0.039,< 0.05,109,0.11,0.014,22.2,0.78,< 0.5,< 0.05,< 1,< 0.01,0.01,< 0.006,0.48,0.036,< 0.01,410,< 0.005,0.0179,1.3,0.006,8.9,< 0.005,30.2,0.492,0.8,22.9,< 0.01,< 0.02,3.9,< 0.004,< 0.2,< 0.2,0.72,< 0.005,< 0.1,0.04,15.7,< 0.01,0.9,2.4,0.291,< 0.005,< 0.01,< 0.005,0.59,2.3,0.104,< 0.008,30
S98_01823,ROYG-34,27/07/98,24.5070,89.5260,HTW,15,Rajshahi,Sirajganj,Raiganj,Roygong,Roygong,58861,S98_01823,12.3,4,0.01,0.026,< 0.05,22.6,0.06,0.009,4,0.13,< 0.5,< 0.05,< 1,< 0.01,< 0.01,< 0.006,0.73,3.99,< 0.01,143,< 0.005,0.0013,1,0.007,2.7,< 0.005,10.7,0.648,0.7,10.3,< 0.01,0.15,1,0.014,< 0.2,< 0.2,0.39,< 0.005,2.6,< 0.02,21.6,< 0.01,1.2,1,0.0687,< 0.005,< 0.01,< 0.005,< 0.01,< 0.2,0.006,< 0.008,
S98_01824,SIRA-35,28/07/98,24.4630,89.7080,HTW,18,Rajshahi,Sirajganj,Sirajganj Sadar,Sirjgong,Sirjgong,58878,S98_01824,15.4,4,0.01,0.031,< 0.05,21.6,0.06,0.006,3.1,0.19,< 0.5,< 0.05,< 1,< 0.01,< 0.01,< 0.006,0.15,0.397,< 0.01,135,< 0.005,0.0024,3.1,< 0.005,1.9,< 0.005,11.5,0.626,0.8,4.6,< 0.01,< 0.02,1,< 0.004,< 0.2,< 0.2,0.88,< 0.005,1.7,< 0.02,15.5,< 0.01,1.5,0.2,0.0781,< 0.005,< 0.01,< 0.005,0.01,< 0.2,0.008,< 0.008,8
S98_01825,CHAT-36,20/07/98,24.1500,89.2610,HTW,18,Rajshahi,Pabna,Chatmohar,Chatmohur,Chatmohur,57622,S98_01825,3.5,3,0.03,0.061,< 0.05,108,0.03,0.01,7.5,0.59,< 0.5,< 0.05,< 1,< 0.01,< 0.01,0.01,0.4,0.044,0.01,626,< 0.005,0.0505,1.6,0.006,11.3,< 0.005,38,0.602,0.5,40.8,< 0.01,< 0.02,3.1,< 0.004,< 0.2,< 0.2,0.17,< 0.005,< 0.1,< 0.02,19.4,< 0.01,1.4,4.7,0.526,< 0.005,< 0.01,< 0.005,7.93,1.7,0.14,0.015,
S98_01826,PAB-37,19/07/98,24.0060,89.2350,HTW,30,Rajshahi,Pabna,Pabna Sadar,Pabna,Pabna,57655,S98_01826,1.9,4,0.03,0.079,< 0.05,114,0.02,0.005,5,1.56,< 0.5,< 0.05,< 1,< 0.01,< 0.01,0.008,0.5,0.151,< 0.01,399,< 0.005,0.0512,2.8,< 0.005,15.4,< 0.005,25.6,0.493,0.6,38.1,< 0.01,< 0.02,8.9,< 0.004,< 0.2,< 0.2,0.17,< 0.005,0.1,0.31,16.8,0.01,1.4,0.6,0.447,< 0.005,< 0.01,< 0.005,8.38,2.6,0.038,< 0.008,6
S98_01827,SUJA-38,19/07/98,23.9400,89.4080,HTW,18,Rajshahi,Pabna,Sujanagar,Sujanager,Sujanager,57683,S98_01827,1.1,5,0.03,0.056,< 0.05,91.5,0.07,0.014,7.9,1.45,< 0.5,< 0.05,< 1,0.01,0.01,< 0.006,0.39,0.061,< 0.01,475,< 0.005,0.197,1.2,0.005,3.4,< 0.005,35,1.5,0.4,39.8,< 0.01,< 0.02,3,< 0.004,< 0.2,0.3,0.19,< 0.005,0.1,< 0.02,20.3,< 0.01,1.3,< 0.2,0.391,< 0.005,< 0.01,< 0.005,5.27,2.6,0.12,0.008,23
S98_01828,NAGIR-39,28/07/98,23.9510,89.6500,HTW,20,Rajshahi,Pabna,Bera,Nagierbari,Nagierbari,57616,S98_01828,28.7,4,0.02,0.123,< 0.05,127,0.09,0.009,56.9,0.39,< 0.5,< 0.05,< 1,< 0.01,< 0.01,0.02,0.26,3.75,< 0.01,409,< 0.005,0.0277,2.3,< 0.005,4,< 0.005,32.5,2.21,1.8,17,< 0.01,< 0.02,3.5,0.094,0.7,< 0.2,0.71,< 0.005,3.1,0.03,18.6,< 0.01,1.1,0.7,0.338,< 0.005,< 0.01,< 0.005,0.04,< 0.2,0.014,< 0.008,15
S98_01829,JA-40,19/07/98,25.1560,89.7510,HTW,27,Dhaka,Jamalpur,Dewanganj,Chukaibari,Batheshasaria,33915,S98_01829,82.5,12,0.02,0.14,< 0.05,37,< 0.02,0.017,26.6,0.21,< 0.5,0.16,< 1,< 0.01,< 0.01,0.017,0.3,15.8,0.01,164,< 0.005,0.0017,2.4,0.013,4.6,< 0.005,12.5,0.322,0.8,8.7,0.01,2.51,1.7,< 0.004,< 0.2,1.6,0.38,< 0.005,2.9,< 0.02,26.5,0.01,2.5,< 0.2,0.169,< 0.005,< 0.01,< 0.005,< 0.01,< 0.2,0.017,< 0.008,
S98_01830,PRAG-40,19/07/98,24.0050,88.7650,TARA,113,Khulna,Kushtia,Daulatpur (Ku),Pragpur,Pragpur,45039,S98_01830,8.4,3,0.04,0.211,< 0.05,118,< 0.02,0.006,27.1,0.33,< 0.5,< 0.05,< 1,< 0.01,< 0.01,< 0.006,0.34,0.015,< 0.01,417,< 0.005,0.0515,4.6,< 0.005,2.6,< 0.005,36.4,0.414,0.2,22.6,< 0.01,< 0.02,3.3,< 0.004,< 0.2,< 0.2,0.21,< 0.005,1.1,< 0.02,11.1,< 0.01,1.1,13.8,0.364,< 0.005,< 0.01,< 0.005,8.12,< 0.2,0.011,< 0.008,15
S98_01831,HYM-41,18/07/98,25.1170,90.3350,,27,Dhaka,Mymensingh,Haluaghat, Haluagher,Haluaghatthana Compn,36124,S98_01831,34.9,4,< 0.01,0.059,< 0.05,19,< 0.02,0.008,2.3,0.12,< 0.5,< 0.05,< 1,< 0.01,< 0.01,< 0.006,0.5,0.791,< 0.01,177,< 0.005,0.0153,1.3,0.009,3.8,< 0.005,8.28,0.526,1.7,27.9,< 0.01,< 0.02,0.8,< 0.004,< 0.2,0.4,0.48,< 0.005,2.2,0.03,18.4,< 0.01,1.3,< 0.2,0.114,< 0.005,< 0.01,< 0.005,0.01,< 0.2,0.009,< 0.008,21
S98_01832,VHAR-41,19/07/98,24.0190,88.9920,HTW,,Khulna,Kushtia,Bheramara,Vharamara,Vharamara,45015,S98_01832,0.8,4,0.02,0.13,< 0.05,125,0.04,0.006,9.8,0.59,< 0.5,< 0.05,< 1,< 0.01,< 0.01,0.017,0.3,0.017,< 0.01,379,< 0.005,0.031,1.9,0.007,10.1,< 0.005,31.5,0.614,1.5,18.6,< 0.01,< 0.02,3.5,< 0.004,< 0.2,< 0.2,0.18,< 0.005,0.3,0.03,18.4,< 0.01,1.1,14.6,0.338,< 0.005,< 0.01,< 0.005,0.51,< 0.2,0.072,< 0.008,9
S98_01833,KUST-42,19/07/98,23.9090,89.1280,HTW,49,Khulna,Kushtia,Kushtia Sadar,Kushtia,Kushtia,45079,S98_01833,< 0.5,4,0.02,0.046,< 0.05,102,0.07,0.008,2.6,0.64,< 0.5,< 0.05,< 1,< 0.01,< 0.01,0.009,0.29,0.953,< 0.01,342,< 0.005,0.0082,1.3,< 0.005,10,< 0.005,21.3,0.625,1.8,17.4,< 0.01,0.19,3.4,0.044,< 0.2,< 0.2,0.19,< 0.005,< 0.1,0.03,18.6,< 0.01,3.2,< 0.2,0.255,< 0.005,< 0.01,< 0.005,0.28,0.5,0.021,< 0.008,
S98_01834,SHER-42/A,18/07/98,25.0180,90.0120,HTW,36,Rajshahi,Bogra,Sherpur,Sherpur,,51088,S98_01834,27.8,4,0.02,0.127,< 0.05,41,< 0.02,0.014,45.9,0.38,< 0.5,< 0.05,< 1,< 0.01,< 0.01,0.015,0.24,19.6,< 0.01,242,< 0.005,0.0152,2.3,0.009,2.8,< 0.005,22.6,2.27,0.7,29.8,0.01,0.62,2.2,< 0.004,< 0.2,1.4,0.47,< 0.005,1.8,0.03,23.2,0.02,0.7,0.5,0.181,< 0.005,< 0.01,< 0.005,0.01,< 0.2,0.045,< 0.008,16
S98_01835,MEHER-43,19/07/98,23.7610,88.6320,HTW,27,Khulna,Meherpur,Meherpur Sadar,Meherpur,Meherpur,45787,S98_01835,17.7,3,0.04,0.126,< 0.05,106,< 0.02,< 0.005,22.6,0.31,< 0.5,< 0.05,< 1,< 0.01,< 0.01,0.011,0.13,0.007,< 0.01,371,< 0.005,0.0027,3.6,< 0.005,3.2,< 0.005,20.7,0.232,0.6,39.9,< 0.01,< 0.02,3,< 0.004,< 0.2,< 0.2,0.14,< 0.005,1,0.02,10.8,< 0.01,1.9,19.3,0.302,< 0.005,< 0.01,< 0.005,0.75,< 0.2,0.013,< 0.008,
S98_01836,JAM-43,20/07/98,24.7580,89.8350,HTW,20,Dhaka,Jamalpur,Sarishabari,Sharishabari,Sharishabari,33985,S98_01836,1.4,6,0.02,0.051,< 0.05,36.1,0.03,0.024,41.3,0.61,< 0.5,< 0.05,< 1,< 0.01,< 0.01,0.007,0.22,0.316,< 0.01,178,< 0.005,0.04,2.3,0.015,2.3,< 0.005,17.2,0.383,< 0.1,30.1,< 0.01,< 0.02,2.1,< 0.004,2.6,< 0.2,0.59,< 0.005,0.4,0.03,13.4,< 0.01,0.7,11.5,0.139,< 0.005,< 0.01,< 0.005,0.59,0.4,0.039,< 0.008,40
S98_01837,DAR-44,19/07/98,23.5290,88.8100,HTW,18,Khulna,Chuadanga,Chuadanga Sadar,Darsana,Darsana,41823,S98_01837,5.7,7,0.1,0.363,< 0.05,183,0.04,0.029,202,0.53,< 0.5,< 0.05,2,< 0.01,< 0.01,< 0.006,0.03,0.02,< 0.01,531,< 0.005,0.0521,74.4,0.024,10.4,< 0.005,39.4,0.042,7.8,110,0.02,< 0.02,4.9,< 0.004,41,0.4,1.18,< 0.005,9.2,0.16,15.5,< 0.01,1,47.6,0.456,< 0.005,< 0.01,< 0.005,3.35,7.2,0.014,< 0.008,8
S98_01838,MYM-44,17/07/98,24.7480,90.4060,DTW,107,Dhaka,Mymensingh,Mymensingh Sadar,Sadar,Bagmera,36152,S98_01838,4.2,3,< 0.01,0.063,< 0.05,28.4,< 0.02,0.007,1.5,0.16,< 0.5,< 0.05,1,< 0.01,< 0.01,< 0.006,0.42,0.074,< 0.01,219,< 0.005,0.0636,1.4,0.006,6.6,< 0.005,12.3,0.148,0.1,27.4,< 0.01,< 0.02,1.1,< 0.004,< 0.2,< 0.2,0.25,< 0.005,1.8,< 0.02,23.4,< 0.01,1.4,1.8,0.154,< 0.005,< 0.01,< 0.005,0.66,< 0.2,0.013,< 0.008,3
S98_01839,JHIN-45,18/07/98,23.5470,89.1650,,122,Khulna,Jhenaidah,Jhenaidah Sadar,Jhinaidha,Jhinaidha,44419,S98_01839,35.6,29,0.02,0.106,< 0.05,69.5,0.04,0.017,4,0.29,0.5,< 0.05,2,< 0.01,< 0.01,< 0.006,0.27,0.914,< 0.01,296,< 0.005,0.0034,2.3,0.009,5.1,< 0.005,14.3,0.428,1,7.7,0.01,< 0.02,2.5,< 0.004,< 0.2,0.5,0.7,< 0.005,1.5,0.06,15.5,0.01,1.3,< 0.2,0.18,< 0.005,< 0.01,< 0.005,0.09,< 0.2,0.02,< 0.008,13
S98_01840,NET-45,17/07/98,24.8660,90.7220,HTW,65,Dhaka,Netrokona,Netrokona Sadar,Sadar,Netrokona,37274,S98_01840,1.8,3,< 0.01,0.012,< 0.05,37.8,< 0.02,0.009,39.8,0.15,< 0.5,< 0.05,< 1,< 0.01,< 0.01,< 0.006,0.38,0.697,< 0.01,222,< 0.005,0.26,1.1,0.007,1,< 0.005,13.5,0.03,0.7,41.3,< 0.01,< 0.02,1.5,< 0.004,< 0.2,0.3,0.29,< 0.005,0.2,0.06,16.4,< 0.01,0.6,< 0.2,0.195,< 0.005,< 0.01,< 0.005,0.97,2.1,0.01,< 0.008,34
S98_01841,MAGU-46,15/07/98,23.4880,89.4290,HTW,21,Khulna,Magura,Magura Sadar,Magura,Magura,45557,S98_01841,17,4,0.03,0.192,< 0.05,132,0.02,0.01,27.3,0.59,< 0.5,< 0.05,< 1,< 0.01,< 0.01,< 0.006,0.33,0.494,< 0.01,457,< 0.005,0.0013,3.1,0.009,6.5,< 0.005,40.2,0.214,1.5,26.1,< 0.01,0.64,3.9,< 0.004,< 0.2,< 0.2,0.25,< 0.005,6.9,0.16,15.8,< 0.01,1.4,< 0.2,0.551,< 0.005,< 0.01,< 0.005,0.02,< 0.2,0.007,< 0.008,
S98_01842,KISH-46,18/07/98,24.4440,90.7730,DTW,118,Dhaka,Kishoreganj,Kishoreganj Sadar,Goital,Kishorgorj,34849,S98_01842,13.6,5,0.02,0.056,< 0.05,22.9,< 0.02,0.009,2.4,0.28,< 0.5,< 0.05,< 1,< 0.01,< 0.01,< 0.006,0.3,0.749,< 0.01,214,< 0.005,0.0008,1.8,0.007,3.5,< 0.005,11.1,0.243,0.6,32.7,< 0.01,< 0.02,1,< 0.004,< 0.2,0.3,0.55,< 0.005,1.5,0.02,20.9,0.02,1.1,< 0.2,0.15,< 0.005,< 0.01,< 0.005,0.05,< 0.2,0.007,< 0.008,59
S98_01843,JES-47,18/07/98,23.1670,89.2190,DTW,133,Khulna,Jessore,Jessore Sadar,Jessore,Jessore,44147,S98_01843,40.8,4,0.03,0.128,< 0.05,113,< 0.02,0.013,77.3,0.38,< 0.5,< 0.05,< 1,< 0.01,< 0.01,< 0.006,0.24,0.403,< 0.01,392,< 0.005,0.014,3.4,0.01,16,< 0.005,30.6,0.408,0.7,71.4,< 0.01,0.87,3.2,0.004,< 0.2,< 0.2,0.21,< 0.005,4.2,0.03,17.6,< 0.01,0.6,< 0.2,0.398,< 0.005,< 0.01,< 0.005,1.6,< 0.2,0.012,< 0.008,4
S98_01844,MYM-47,17/07/98,24.4540,90.5400,HTW,,Dhaka,Mymensingh,Gafargaon,Saltia,Sulhasia,36122,S98_01844,2.7,3,< 0.01,0.025,< 0.05,33.4,< 0.02,0.012,2.7,0.11,< 0.5,< 0.05,< 1,< 0.01,< 0.01,0.007,0.44,0.192,< 0.01,234,< 0.005,0.063,1.1,0.006,0.6,< 0.005,11.9,0.036,< 0.1,28.6,0.02,< 0.02,1.5,< 0.004,< 0.2,0.3,0.39,< 0.005,0.2,0.02,22,< 0.01,1.1,3.3,0.2,< 0.005,< 0.01,< 0.005,0.4,5.7,0.016,< 0.008,9
S98_01845,NAR-48,18/07/98,23.1730,89.5130,HTW,24,Khulna,Narail,Narail Sadar,Narail,Narail,46576,S98_01845,3.4,5,0.12,0.056,< 0.05,63.6,< 0.02,0.007,260,0.55,< 0.5,< 0.05,< 1,< 0.01,< 0.01,< 0.006,0.54,0.02,0.01,783,< 0.005,0.13,1.7,< 0.005,15.2,< 0.005,28.4,0.665,1.5,342,< 0.01,< 0.02,4,< 0.004,< 0.2,0.2,0.34,< 0.005,0.1,0.15,15.1,< 0.01,1.6,< 0.2,0.34,< 0.005,< 0.01,< 0.005,7.89,0.4,0.019,< 0.008,
S98_01846,KISH-48,18/07/98,24.0470,90.9730,HTW,20,Dhaka,Kishoreganj,Bhairab,Bhairab,Bhairab Rly St,34811,S98_01846,120,5,0.02,0.075,< 0.05,69.8,< 0.02,0.009,2.7,0.4,< 0.5,< 0.05,< 1,< 0.01,< 0.01,< 0.006,0.19,2.61,< 0.01,284,< 0.005,0.008,4,0.007,2.3,< 0.005,16.7,1.24,2.5,14.5,< 0.01,< 0.02,2.2,< 0.004,< 0.2,0.6,0.5,< 0.005,1.2,0.03,16.8,< 0.01,0.7,2.7,0.253,< 0.005,< 0.01,< 0.005,0.43,< 0.2,0.012,< 0.008,28
S98_01847,GODKHA-49,15/07/98,23.0590,89.0770,HTW,24,Khulna,Jessore,Jhikargachha,Godkhali,Godkhali,44123,S98_01847,32.5,3,0.01,0.143,< 0.05,95.2,0.04,< 0.005,16.1,0.31,< 0.5,< 0.05,1,< 0.01,< 0.01,0.03,0.15,1.13,< 0.01,370,< 0.005,0.0009,3.5,< 0.005,1.3,< 0.005,19.9,0.332,0.5,7.7,< 0.01,< 0.02,3.2,< 0.004,< 0.2,0.3,0.24,< 0.005,1.3,0.03,11.2,< 0.01,2,2.5,0.295,< 0.005,< 0.01,< 0.005,< 0.01,< 0.2,0.007,< 0.008,9
S98_01848,TA-49,20/07/98,24.6050,90.0240,HTW,34,Dhaka,Tangail,Madhupur,Madhupur,Madhupur,39357,S98_01848,7.5,11,< 0.01,0.011,< 0.05,16.6,< 0.02,0.031,1.3,0.43,< 0.5,< 0.05,2,< 0.01,< 0.01,< 0.006,0.23,2.84,< 0.01,118,< 0.005,0.0019,1.3,0.01,2.9,< 0.005,4.8,0.372,< 0.1,16.3,0.01,< 0.02,1.3,< 0.004,< 0.2,0.2,1,< 0.005,0.2,< 0.02,28.4,< 0.01,1,0.8,0.131,< 0.005,< 0.01,< 0.005,0.03,1.2,0.066,< 0.008,50
S98_01849,KHUL-50,15/07/98,22.8120,89.5610,DTW,274,Khulna,Khulna,Khulna Sadar,Khulna,Khulna,44751,S98_01849,< 0.5,6,0.16,0.137,< 0.05,44.6,< 0.02,0.02,168,0.13,< 0.5,0.1,1,< 0.01,< 0.01,< 0.006,0.14,0.028,< 0.01,417,< 0.005,0.082,5.4,0.017,6.9,< 0.005,27.6,0.025,0.3,162,< 0.01,< 0.02,1.3,< 0.004,0.6,< 0.2,0.18,< 0.005,3.5,< 0.02,12.1,< 0.01,0.7,< 0.2,0.417,< 0.005,< 0.01,< 0.005,0.01,< 0.2,0.012,< 0.008,3
S98_01850,TA-50,20/07/98,24.2400,89.9090,HTW,27,Dhaka,Tangail,Tangail Sadar,Sadar,Bepari Para,39395,S98_01850,77.6,11,0.02,0.102,< 0.05,48.1,< 0.02,0.027,20,0.25,< 0.5,< 0.05,1,0.01,< 0.01,0.012,0.27,7.33,0.01,192,< 0.005,0.015,3,0.016,1.9,< 0.005,12.2,1.64,1.8,9.1,0.01,< 0.02,1.9,0.007,< 0.2,1.5,0.52,< 0.005,3.7,0.04,19.1,< 0.01,1.9,< 0.2,0.175,< 0.005,< 0.01,< 0.005,0.02,< 0.2,0.015,< 0.008,28
S98_01851,SATKHR-51,17/07/98,22.7180,89.0700,DTW,183,Khulna,Satkhira,Satkhira Sadar,Satkhira,Satkhira,48782,S98_01851,11.8,2,0.05,0.597,< 0.05,166,< 0.02,< 0.005,311,0.55,< 0.5,0.07,1,< 0.01,< 0.01,0.093,0.08,0.019,< 0.01,408,< 0.005,0.0041,13.8,0.013,8.7,< 0.005,46.2,0.103,1,142,< 0.01,< 0.02,4.9,< 0.004,1.1,< 0.2,0.09,< 0.005,5.9,< 0.02,15.4,< 0.01,0.7,10.1,0.52,< 0.005,< 0.01,< 0.005,< 0.01,< 0.2,0.01,< 0.008,3
S98_01852,TA-51,20/07/98,24.1080,90.0760,HTW,27,Dhaka,Tangail,Mirzapur,Baithgram,Gurail,39366,S98_01852,16.8,15,0.03,0.09,< 0.05,32.3,< 0.02,0.025,5.8,0.14,< 0.5,0.06,2,< 0.01,< 0.01,< 0.006,0.4,4.43,< 0.01,178,< 0.005,0.0037,2.4,0.017,4.9,< 0.005,15.1,0.874,0.5,12.6,0.01,< 0.02,3.5,< 0.004,< 0.2,0.6,0.48,< 0.005,3,0.02,20.3,< 0.01,2.1,12.8,0.123,< 0.005,< 0.01,< 0.005,0.02,< 0.2,0.019,< 0.008,26
S98_01853,CHAL-52,18/07/98,22.5860,89.5040,HTW,18,Khulna,Bagerhat,Bagerhat Sadar,Chalna,Chalna,40108,S98_01853,1.4,5,0.72,0.061,< 0.05,31.1,< 0.02,0.008,1160,0.25,< 0.5,0.14,< 1,< 0.01,< 0.01,< 0.006,0.21,0.094,< 0.01,642,< 0.005,0.084,15.4,0.009,17.3,< 0.005,35.9,0.035,1.2,893,< 0.01,3.37,0.9,1.35,1.1,0.4,0.19,< 0.005,4.2,< 0.02,8.22,< 0.01,0.4,< 0.2,0.373,< 0.005,< 0.01,< 0.005,< 0.01,0.2,0.008,0.01,6
S98_01854,GA-52,17/07/98,24.1970,90.4740,HTW,29,Dhaka,Gazipur,Sripur,Sreepur,Sreepur,33386,S98_01854,7.7,13,0.02,0.032,< 0.05,19.8,0.03,0.079,3.8,0.14,0.5,< 0.05,2,0.01,< 0.01,< 0.006,0.37,1.62,0.02,134,< 0.005,0.021,0.7,0.053,2.8,< 0.005,6.77,0.044,0.2,17.9,0.07,< 0.02,2,< 0.004,< 0.2,0.4,1.44,0.016,0.4,0.04,27.3,0.01,1,0.7,0.119,< 0.005,< 0.01,< 0.005,0.05,1.8,0.057,< 0.008,44
S98_01855,BAGIER-53,15/07/98,22.6630,89.7630,,38,Khulna,Bagerhat,Bagerhat Sadar,Bagierhat,Bagierhat,40108,S98_01855,8.1,14,0.09,0.145,< 0.05,128,< 0.02,0.019,134,0.33,< 0.5,< 0.05,2,< 0.01,< 0.01,< 0.006,0.08,0.086,< 0.01,281,< 0.005,0.0073,2.8,0.012,2.4,< 0.005,25.4,0.102,0.8,52.2,0.01,0.1,3.9,0.011,< 0.2,< 0.2,0.34,< 0.005,2.3,< 0.02,9.01,< 0.01,0.8,20.4,0.358,< 0.005,< 0.01,< 0.005,0.01,< 0.2,0.013,< 0.008,5
S98_01856,NAR-53,18/07/98,23.9260,90.7180,HTW,,Dhaka,Narsingdi,Narsingdi Sadar,Narshingdi,Norshindi Dak Hangloo,36860,S98_01856,70.6,23,0.03,0.238,< 0.05,57.1,< 0.02,0.018,64.2,0.3,< 0.5,< 0.05,< 1,0.01,< 0.01,< 0.006,0.62,5.16,< 0.01,290,< 0.005,0.0031,3.1,0.016,0.7,< 0.005,33.8,0.17,1.2,17.9,< 0.01,0.95,2.3,0.004,< 0.2,0.3,0.35,< 0.005,1.4,0.03,16.2,0.02,0.5,< 0.2,0.347,< 0.005,< 0.01,< 0.005,0.03,< 0.2,0.013,< 0.008,11
S98_01857,KHALIS-54,18/07/98,22.5480,89.5380,DTW,274,Khulna,Khulna,Khulna Sadar,Khalishpur,Khalishpur,44751,S98_01857,0.7,5,0.24,0.128,< 0.05,45.2,< 0.02,0.008,206,0.17,0.5,< 0.05,1,< 0.01,< 0.01,< 0.006,0.16,0.022,< 0.01,501,< 0.005,0.017,3.9,< 0.005,7.2,< 0.005,23.4,0.028,0.5,218,< 0.01,< 0.02,1.3,< 0.004,0.5,< 0.2,2,< 0.005,3.2,< 0.02,11.5,< 0.01,0.5,< 0.2,0.364,< 0.005,< 0.01,< 0.005,< 0.01,< 0.2,0.009,< 0.008,4
S98_01858,DA-54,16/07/98,23.7340,90.4180,DTW,137,Dhaka,Dhaka,Motijheel,Motijheel,Pwd Colony,32654,S98_01858,7.5,10,< 0.01,0.026,< 0.05,26.2,0.03,0.016,30,0.17,< 0.5,< 0.05,5,< 0.01,< 0.01,< 0.006,0.22,0.071,< 0.01,120,< 0.005,0.0096,1.4,0.009,9.8,< 0.005,10.1,0.041,< 0.1,21.1,0.01,0.15,2.4,< 0.004,2.3,< 0.2,0.88,< 0.005,0.8,0.03,32.2,< 0.01,1.2,4.3,0.17,< 0.005,0.01,< 0.005,0.06,0.7,0.015,< 0.008,28
S98_01859,RJB-69,22/07/98,23.7650,89.4760,HTW,22,Dhaka,Rajbari,Pangsha,,Kalukhau,38273,S98_01859,29,11,0.01,0.127,< 0.05,79.2,< 0.02,0.02,6,0.23,< 0.5,< 0.05,1,< 0.01,< 0.01,< 0.006,0.16,2.26,< 0.01,398,< 0.005,0.0059,2.8,0.019,1.3,< 0.005,15,0.333,0.8,9.9,0.01,< 0.02,2.2,< 0.004,2.5,0.5,0.42,< 0.005,0.8,0.02,10.9,< 0.01,1,< 0.2,0.233,< 0.005,< 0.01,< 0.005,0.03,< 0.2,0.008,< 0.008,33
S98_01860,RJB-70,22/07/98,23.7540,89.6450,DTW,127,Dhaka,Rajbari,Rajbari Sadar,,Municipality,38276,S98_01860,61.8,9,0.03,0.146,< 0.05,97.7,< 0.02,0.019,10.6,0.43,< 0.5,< 0.05,2,< 0.01,< 0.01,< 0.006,0.14,4.43,< 0.01,481,< 0.005,0.018,5.6,0.012,8.4,< 0.005,36.1,0.722,1.1,24.3,< 0.01,< 0.02,3.1,< 0.004,0.7,0.5,0.41,< 0.005,3.5,0.04,19.1,< 0.01,1,0.7,0.434,< 0.005,0.01,< 0.005,0.39,< 0.2,0.011,< 0.008,40
S98_01861,FAR-71,23/07/98,23.5990,89.8350,DTW,84,Dhaka,Faridpur,Faridpur Sadar,,Municipal,32947,S98_01861,215,8,0.04,0.172,< 0.05,106,< 0.02,0.018,14,0.42,< 0.5,0.13,1,< 0.01,< 0.01,< 0.006,0.15,5.67,< 0.01,552,< 0.005,0.017,4.5,0.014,6.8,< 0.005,37.2,0.204,1.9,29.5,< 0.01,< 0.02,3,< 0.004,2.4,0.8,0.32,< 0.005,5.6,0.04,17.4,< 0.01,0.9,< 0.2,0.432,< 0.005,< 0.01,< 0.005,0.03,< 0.2,0.012,< 0.008,7
S98_01862,GOP-72,23/07/98,23.2100,89.6930,HTW,20,Dhaka,Gopalganj,Kashiani,,Bhatiapara,33543,S98_01862,200,8,0.04,0.294,< 0.05,150,< 0.02,0.021,27.3,0.72,< 0.5,< 0.05,2,< 0.01,< 0.01,< 0.006,0.02,10.6,< 0.01,567,< 0.005,0.014,4.7,0.013,3.6,< 0.005,45.1,0.305,0.9,26.9,0.01,< 0.02,4.1,< 0.004,1.4,0.7,0.39,< 0.005,3.2,0.04,16.8,< 0.01,0.8,< 0.2,0.739,< 0.005,< 0.01,< 0.005,< 0.01,< 0.2,0.02,< 0.008,12
S98_01863,GOP-73,23/07/98,23.0050,89.8230,HTW,20,Dhaka,Gopalganj,Gopalganj Sadar,Municipality,Gopalganj,33532,S98_01863,144,8,0.06,0.223,< 0.05,108,< 0.02,0.015,28.4,0.42,< 0.5,< 0.05,2,< 0.01,< 0.01,0.012,0.24,6.92,< 0.01,527,< 0.005,0.0056,4.1,0.017,4,< 0.005,23.4,0.127,1.4,45,< 0.01,< 0.02,2.9,< 0.004,2.2,0.5,0.43,< 0.005,3.4,0.04,11.7,< 0.01,1,< 0.2,0.39,< 0.005,< 0.01,< 0.005,0.01,< 0.2,0.011,< 0.008,
S98_01864,MAD-74,23/07/98,23.1670,90.1950,DTW,238,Dhaka,Madaripur,Madaripur Sadar,Municipality,Madaripur,35454,S98_01864,3.1,16,0.25,0.241,< 0.05,80.4,< 0.02,0.03,411,0.23,< 0.5,< 0.05,4,< 0.01,< 0.01,< 0.006,0.28,1.17,0.01,354,< 0.005,0.18,4.4,0.019,13.5,< 0.005,34,0.04,0.3,231,0.01,< 0.02,2.6,< 0.004,< 0.2,0.3,0.7,< 0.005,5,0.05,17.9,0.01,0.5,< 0.2,0.453,< 0.005,< 0.01,< 0.005,0.02,< 0.2,0.015,< 0.008,22
S98_01865,BAR-75,25/07/98,22.7000,90.3690,DTW,610,Barisal,Barisal,Barisal Sadar,,Barisal,10651,S98_01865,3.4,15,0.22,0.019,< 0.05,7.59,< 0.02,0.017,58.2,0.06,< 0.5,< 0.05,4,< 0.01,< 0.01,< 0.006,0.14,0.156,< 0.01,373,< 0.005,0.051,2.2,0.013,3.8,< 0.005,3.93,0.033,0.3,152,0.02,< 0.02,< 0.4,< 0.004,< 0.2,0.3,0.69,< 0.005,2,0.03,9.57,< 0.01,2.2,0.2,0.108,< 0.005,0.03,< 0.005,< 0.01,< 0.2,0.011,< 0.008,16
S98_01866,PAT-77,25/07/98,22.3550,90.3450,DTW,274,Barisal,Patuakhali,Patuakhali Sadar,Municipality,Patuakhali,17895,S98_01866,10,28,0.35,0.025,< 0.05,6.11,< 0.02,0.096,297,0.21,< 0.5,< 0.05,3,< 0.01,< 0.01,< 0.006,0.16,0.112,< 0.01,524,< 0.005,0.24,2.4,0.096,4,< 0.005,3.52,0.015,0.6,189,0.05,< 0.02,< 0.4,< 0.004,1.6,0.8,0.79,0.018,1.7,0.03,9.13,0.01,3.1,0.4,0.0905,< 0.005,0.02,< 0.005,< 0.01,0.5,0.03,< 0.008,53
S98_01867,DA-101,21/07/98,23.5100,90.2170,HTW,26,Dhaka,Munshiganj,Munshiganj Sadar,Bhaishakul,Bhaishakul T Inst,35956,S98_01867,401,12,0.16,0.271,< 0.05,65,0.03,0.028,93.8,1.07,< 0.5,< 0.05,2,< 0.01,< 0.01,< 0.006,0.31,4.43,< 0.01,579,< 0.005,0.75,5.3,0.019,7.1,< 0.005,31.3,0.151,3.6,133,0.01,< 0.02,4.1,< 0.004,3.8,1.1,0.54,< 0.005,3.8,0.15,12.6,< 0.01,0.9,0.3,0.439,< 0.005,< 0.01,< 0.005,0.08,0.3,0.02,< 0.008,
S98_01868,DA-102,16/07/98,23.7690,90.3640,DTW,53,Dhaka,Dhaka,Mohammadpur (D),Mohammedpur,Mohammedpur,32650,S98_01868,7.5,6,< 0.01,0.022,< 0.05,29,< 0.02,0.014,15.9,0.14,1.6,< 0.05,9,< 0.01,< 0.01,< 0.006,0.19,0.096,< 0.01,170,< 0.005,0.0089,2,0.008,5.9,< 0.005,10.8,0.027,< 0.1,22.6,< 0.01,< 0.02,5,< 0.004,0.8,< 0.2,0.53,< 0.005,1.2,0.05,30.4,< 0.01,1.4,4.9,0.222,< 0.005,< 0.01,< 0.005,0.14,1.8,0.024,0.008,14
S98_04510,GOHI-44,29/07/98,22.1467,91.8231,Piez,265,Chittagong,Chittagong,Anowara,Gohira,UC Office,21504,S98_04510,1.2,21,0.19,0.078,< 0.05,46.8,0.03,0.055,812,0.53,0.6,< 0.05,2,< 0.01,< 0.01,0.016,0.09,33.6,< 0.01,34,< 0.005,0.0122,8.6,0.029,68.3,< 0.005,50.7,2.45,< 0.1,497,0.03,0.25,2.7,0.006,< 0.2,0.3,1.81,0.007,5.1,0.07,24.6,0.02,< 0.1,261,0.564,< 0.005,0.05,< 0.005,< 0.01,< 0.2,0.034,< 0.008,
S98_04511,RUST-45,29/07/98,22.1924,91.8562,HTW,146,Chittagong,Chittagong,Anowara,Battali,Battali,21504,S98_04511,4.2,15,0.02,0.039,< 0.05,19.3,< 0.02,0.092,7.5,0.97,0.5,< 0.05,5,< 0.01,< 0.01,< 0.006,0.15,0.211,< 0.01,181,< 0.005,0.0032,2.6,0.027,4.1,< 0.005,11.2,0.147,0.2,26.9,0.02,< 0.02,1.7,< 0.003,< 0.2,< 0.2,0.65,< 0.005,3.8,0.06,13.2,< 0.01,2.5,0.8,0.194,< 0.005,0.07,< 0.005,0.01,0.2,0.037,< 0.008,
S98_04512,GOHI-46,29/07/98,22.1467,91.8231,Piez,68,Chittagong,Chittagong,Anowara,Gohira,UC Office,21504,S98_04512,0.7,15,0.03,0.072,< 0.05,25.8,< 0.02,0.027,143,0.25,0.6,< 0.05,2,< 0.01,< 0.01,0.012,0.12,12.4,< 0.01,117,< 0.005,0.0097,3.5,0.018,20,< 0.005,22,1.14,< 0.1,52.9,0.03,0.02,1.4,< 0.003,0.4,0.4,0.41,< 0.005,2.8,0.05,28.1,< 0.01,0.3,0.4,0.297,< 0.005,0.02,< 0.005,< 0.01,< 0.2,0.025,< 0.008,47
S98_04513,COM-84,28/07/98,23.4453,91.1722,HTW,32,Chittagong,Comilla,Comilla Sadar,Shaktala,Shaktala,21967,S98_04513,3.7,12,0.04,0.064,< 0.05,22.3,< 0.02,0.021,2.4,1.13,< 0.5,< 0.05,17,< 0.01,< 0.01,0.014,0.35,1.66,< 0.01,135,< 0.005,0.0052,1.9,0.017,2.7,< 0.005,9.75,0.403,0.5,22.5,< 0.01,0.03,1.9,< 0.003,< 0.2,< 0.2,0.31,0.005,1.3,0.05,20.6,< 0.01,1.1,0.7,0.298,< 0.005,0.13,< 0.005,0.05,0.4,0.014,< 0.008,74
S98_04514,DAUD-85,28/07/98,23.5360,90.7104,HTW,32,Chittagong,Comilla,Daudkandi,Daudkandi,Daudkandi Bazar,21936,S98_04514,444,14,0.07,0.129,< 0.05,84.6,< 0.02,0.02,77,0.77,< 0.5,< 0.05,2,< 0.01,< 0.01,0.018,0.19,10.1,< 0.01,387,< 0.005,0.123,7.4,0.016,2.9,< 0.005,31,0.268,2.3,42.3,< 0.01,< 0.02,3.8,0.012,7.1,1.2,0.32,< 0.005,5.3,0.04,16.2,0.02,0.4,< 0.2,0.492,< 0.005,0.08,< 0.005,< 0.01,0.2,0.022,< 0.008,30
S98_04515,LAKS-86,28/07/98,23.2499,91.1150,HTW,23,Chittagong,Comilla,Laksam,Nabaratpur,Nabaratpur,21972,S98_04515,107,12,0.04,0.03,< 0.05,33.6,< 0.02,0.022,81,0.18,0.7,< 0.05,1,< 0.01,< 0.01,< 0.006,0.21,2.78,< 0.01,319,< 0.005,0.0099,16,0.011,2.3,< 0.005,56.6,0.413,0.7,27.5,0.01,0.09,1.6,< 0.003,1.5,0.8,0.38,< 0.005,5.9,0.02,14,< 0.01,0.6,4.4,0.333,< 0.005,0.05,< 0.005,< 0.01,< 0.2,0.014,< 0.008,18
S98_04516,HAJ-87,31/07/98,23.2484,90.8696,DTW,107,Chittagong,Chandpur,Hajiganj,Aligonj,Aligonj H complex,21349,S98_04516,2.5,24,0.03,0.099,< 0.05,41.8,0.03,0.045,150,0.31,0.6,< 0.05,19,< 0.01,< 0.01,0.01,0.23,4.02,< 0.01,115,< 0.005,0.098,3.4,0.034,7.3,< 0.005,19.6,0.335,< 0.1,55.8,0.02,0.2,3.1,< 0.003,< 0.2,< 0.2,2.2,0.006,5.5,0.11,28.3,< 0.01,0.2,< 0.2,0.303,< 0.005,0.01,< 0.005,0.02,< 0.2,0.032,< 0.008,52
S98_04517,CHAN-88,31/07/98,23.2342,90.6673,HTW,168,Chittagong,Chandpur,Chandpur Sadar,Shologhar,Shologhar,21322,S98_04517,234,16,< 0.01,0.112,< 0.05,57.3,0.03,0.043,33.4,0.32,0.5,0.05,4,< 0.01,< 0.01,0.023,0.24,7.06,< 0.01,286,< 0.005,0.0186,3.7,0.028,2,< 0.005,18.1,0.252,2.4,15.4,0.01,4.1,2.2,< 0.003,0.7,1.7,2.19,< 0.005,4,0.06,18.7,< 0.01,0.9,< 0.2,0.26,< 0.005,0.01,< 0.005,< 0.01,< 0.2,0.032,< 0.008,
S98_04518,NOA-89,28/07/98,22.8334,91.0955,HTW,11,Chittagong,Noakhali,Noakhali Sadar,Sonapur,Sonapur,27587,S98_04518,100,12,0.32,0.032,< 0.05,33.4,< 0.02,0.028,196,0.35,< 0.5,< 0.05,1,< 0.01,< 0.01,0.008,0.25,0.665,< 0.01,678,< 0.005,0.131,13.4,0.017,4.2,< 0.005,45.2,0.374,5.6,244,0.02,< 0.02,1.7,< 0.003,1.2,1,1.2,0.006,3.1,0.06,16,< 0.01,0.2,4.3,0.32,< 0.005,0.07,< 0.005,0.19,0.3,0.021,< 0.008,12
S98_04519,FENI-90,28/07/98,23.0053,91.3866,HTW,13,Chittagong,Feni,Feni Sadar,Pachgadria,Feni Rest House,23029,S98_04519,111,18,0.02,0.019,< 0.05,26,< 0.02,0.034,21.7,0.17,0.5,< 0.05,2,< 0.01,0.01,< 0.006,0.32,0.49,< 0.01,361,< 0.005,0.0292,12.4,0.023,3.7,< 0.005,46,0.674,1.7,28.2,0.02,< 0.02,1.1,< 0.003,1.3,0.6,0.46,< 0.005,5.6,0.05,15.4,< 0.01,0.7,10.6,0.241,< 0.005,0.03,< 0.005,0.27,< 0.2,0.028,< 0.008,13
S98_04520,MIR-91,28/07/98,22.7761,91.5656,HTW,25,Chittagong,Chittagong,Mirsharai,PS,Miraswarai,21553,S98_04520,275,39,0.2,0.02,< 0.05,20,< 0.02,0.063,35.1,0.25,1.1,< 0.05,3,< 0.01,< 0.01,< 0.006,0.38,1.32,0.02,384,< 0.005,0.13,16,0.036,2.9,< 0.005,37,0.247,4,60.4,0.02,< 0.02,1.5,2.62,2.6,1.7,8.17,0.008,6.8,0.12,11,< 0.01,0.7,0.8,0.266,< 0.005,0.03,< 0.005,0.02,0.4,0.026,< 0.008,13
S98_04521,CTG-92,29/07/98,22.4735,91.7891,DTW,110,Chittagong,Chittagong,Hathazari,Hathajani,University,21537,S98_04521,4.4,12,< 0.01,0.042,0.12,2.93,< 0.02,0.034,2.8,0.31,3.9,< 0.05,8,< 0.01,< 0.01,0.008,0.04,0.033,< 0.01,34,< 0.005,0.0013,3,0.025,4.2,< 0.005,1.73,0.029,< 0.1,4.8,0.02,< 0.02,5.5,0.006,0.6,< 0.2,3.07,0.005,9.7,0.04,12,< 0.01,1.3,1.3,0.0352,< 0.005,0.03,< 0.005,< 0.01,< 0.2,0.029,< 0.008,24
S98_04522,CTG-93,29/07/98,22.3704,91.8442,DTW,146,Chittagong,Chittagong,Chandgaon,Chandgown,Chandgown,21519,S98_04522,3.4,24,< 0.01,0.055,< 0.05,6.28,< 0.02,0.067,7,1.7,0.7,< 0.05,3,0.01,0.01,0.015,0.21,0.202,0.01,121,< 0.005,0.0042,2.7,0.031,4.9,< 0.005,6.65,0.578,0.1,29,0.03,< 0.02,1.7,< 0.003,< 0.2,< 0.2,1.93,0.008,1.5,0.06,21.1,< 0.01,1.2,0.5,0.0764,< 0.005,0.02,< 0.005,0.02,0.5,0.092,0.012,24
S98_04523,ANWA-94,29/07/98,22.2234,91.8980,HTW,43,Chittagong,Chittagong,Anowara,Anwara,Thana Parishad Office,21504,S98_04523,2,11,1.28,0.033,< 0.05,26.7,< 0.02,0.03,334,0.5,< 0.5,0.07,1,< 0.01,< 0.01,< 0.006,0.05,0.365,< 0.01,451,< 0.005,0.198,65.2,0.016,7.4,< 0.005,75.5,0.236,< 0.1,253,0.02,0.03,1,0.003,< 0.2,6.4,0.39,< 0.005,13.4,0.07,27.7,< 0.01,0.1,0.7,0.453,< 0.005,0.07,< 0.005,0.01,0.4,0.014,< 0.008,12
S98_04524,SAT-95,29/07/98,22.0721,92.0479,HTW,31,Chittagong,Chittagong,Satkania,Satkania,Satkania,21582,S98_04524,4.6,15,0.53,0.023,< 0.05,3.74,< 0.02,0.031,217,0.21,0.8,< 0.05,2,< 0.01,< 0.01,< 0.006,0.65,0.527,< 0.01,442,< 0.005,0.0428,11.3,0.021,9.4,< 0.005,7.1,0.053,0.9,277,0.02,0.03,< 0.4,< 0.003,37.2,2.4,0.41,0.006,3.5,0.05,12.2,< 0.01,0.3,0.4,0.0547,< 0.005,< 0.01,< 0.005,< 0.01,0.7,0.017,< 0.008,18
S98_04525,COX-99,30/07/98,21.4349,91.9656,HTW,10,Chittagong,Cox's Bazar,Cox's Bazar Sadar,,BWDB rest house,22224,S98_04525,2,13,0.02,0.024,< 0.05,79.1,< 0.02,0.035,91,0.47,< 0.5,< 0.05,3,< 0.01,0.01,< 0.006,0.1,0.128,< 0.01,366,< 0.005,0.0057,26.5,0.017,16.1,< 0.005,57.6,1.96,1,55.2,< 0.01,0.04,2.7,< 0.003,31.3,< 0.2,0.64,< 0.005,11.7,0.17,7.9,< 0.01,0.3,47.6,0.566,< 0.005,0.03,< 0.005,1.16,1.5,0.041,< 0.008,12
S98_04526,UKHI-100,30/07/98,21.2432,92.1325,DTW,52,Chittagong,Cox's Bazar,Ukhia,Ukhia,Ukhia Bazar,22294,S98_04526,1.2,13,< 0.01,0.022,< 0.05,4.44,< 0.02,0.03,2.7,0.11,2.1,0.06,2,< 0.01,< 0.01,0.006,0.06,0.307,< 0.01,43,< 0.005,0.0016,5,0.029,4.8,< 0.005,4.13,0.037,< 0.1,10.7,0.04,0.02,1.8,< 0.003,0.4,< 0.2,0.44,0.01,8.2,0.03,13.9,< 0.01,1.1,3.7,0.047,< 0.005,0.02,< 0.005,0.03,< 0.2,0.035,< 0.008,11
S99_00796,SAN-43(CS),04/06/99,22.4815,91.4285,Piez,56.96,Chittagong,Chittagong,Sandwip,Rahamatpur,Rahamatpur,21578,S99_00796,0.9,,0.1,0.082,,37.7,,,187,,,,,,,,0.09,0.139,,352,,0.0038,6.1,,,,24.3,0.007,,136,,0.03,,< 0.003,3.1,0.2,,,,,16.9,,,1.2,0.334,,,,,,,,
S99_00797,SAN-42(CMD),04/06/99,22.4815,91.4285,Piez,160.92,Chittagong,Chittagong,Sandwip,Rahamatpur,Rahamatpur,21578,S99_00797,0.6,,0.1,0.087,,35.5,,,158,,,,,,,,0.12,0.065,,264,,0.0286,6.2,,,,24.1,0.008,,138,,0.05,,0.015,23,0.2,,,,,16.6,,,2.2,0.309,,,,,,,,
S99_00798,SAN-41(CD),04/06/99,22.4815,91.4285,Piez,261.94,Chittagong,Chittagong,Sandwip,Rahamatpur,Rahamatpur,21578,S99_00798,1.1,,0.1,0.154,,106,,,980,,,,,,,,0.05,0.047,,292,,0.127,9.7,,,,93.1,0.012,,410,,0.02,,0.037,8.5,0.3,,,,,15.4,,,59.4,1.09,,,,,,,,
S99_00799,MOH-98,28/05/99,21.5170,91.9584,Piez,7.32,Chittagong,Cox's Bazar,Maheshkhali,Gorukghata,Gorukghata,22249,S99_00799,8.7,,0.4,0.034,,29.1,,,770,,,,,,,,0.64,0.088,,424,,0.134,24,,,,45.6,0.039,,510,,0.03,,0.022,0.2,2.9,,,,,9.86,,,144,0.3,,,,,,,,
S99_00800,KUT-97,30/05/99,21.8128,91.8449,Piez,542.68,Chittagong,Cox's Bazar,Kutubdia,Baraghope,Baraghope,22245,S99_00800,1.1,,< 0.1,0.081,,22.8,,,1.9,,,,,,,,0.14,0.29,,179,,0.001,2.9,,,,3.13,0.124,,47,,0.01,,< 0.003,0.2,< 0.1,,,,,12,,,2.7,0.34,,,,,,,,
S99_00801,SAND-9,03/06/99,22.4817,91.4332,Piez,329.26,Chittagong,Chittagong,Sandwip,BWDB Guest house,BWDB Guest house,21578,S99_00801,1.1,,0.1,0.133,,125,,,940,,,,,,,,0.07,0.089,,332,,0.124,10.3,,,,104,0.019,,454,,0.03,,0.005,3.9,0.3,,,,,15.8,,,68.4,1.24
S99_00802,AKHA-82,24/05/99,23.8659,91.2010,HTW,18.3,Chittagong,Brahamanbaria,Akhaura,Railway station,Railway station,21202,S99_00802,11.3,,< 0.1,0.012,,17.7,,,10.1,,,,,,,,0.2,0.249,,113,,0.0177,2.5,,,,8.87,0.18,,22.6,,0.04,,< 0.003,0.2,0.2,,,,,33.9,,,4.4,0.114
S99_00803,MUR-83,24/05/99,23.7627,90.9899,HTW,26.22,Chittagong,Comilla,Muradnagar,Kasimpur,Kasimpur,21981,S99_00803,261,,0.2,0.017,,41.1,,,85,,,,,,,,0.23,0.134,,396,,0.14,11.3,,,,44.2,0.021,,60.5,,0.03,,0.013,11.3,1.3,,,,,26.2,,,1.5,0.332
S99_00804,CHU-81,25/05/99,24.1945,91.5138,HTW,30.5,Sylhet,Habiganj,Chunarughat,Chunarughat Bazar,Chunarughat Bazar,63626,S99_00804,3.4,,< 0.1,0.026,,9.5,,,7.5,,,,,,,,0.12,0.161,,60.4,,0.0152,2.5,,,,4.37,1.44,,8,,< 0.01,,0.005,1.2,< 0.1,,,,,16.9,,,< 0.2,0.0635
S99_00805,HABI-80,25/05/99,24.3776,91.4083,HTW,36.59,Sylhet,Habiganj,Habiganj Sadar,Rajanagar,Rajanagar,63644,S99_00805,5.2,,< 0.1,0.036,,16.7,,,8.2,,,,,,,,0.19,0.211,,202,,0.0064,2.6,,,,7.56,0.094,,34.4,,0.01,,< 0.003,0.9,0.2,,,,,27.4,,,0.7,0.115
S99_00806,MVI-79,25/05/99,24.4696,91.7603,HTW,30.5,Sylhet,Maulvibazar,Maulvi Bazar Sadar,Sultanpur,Sultanpur,65874,S99_00806,2.3,,< 0.1,0.033,,9.3,,,2.1,,,,,,,,0.24,0.197,,108,,0.092,2.2,,,,4.48,0.275,,14.4,,4.22,,< 0.003,< 0.02,< 0.1,,,,,15.9,,,< 0.2,0.0734
S99_00807,SYL-78,25/05/98,24.8795,91.8605,HTW,30.5,Sylhet,Sylhet,Sylhet Sadar,Railway station,Railway station,69162,S99_00807,11.2,,< 0.1,0.027,,3.5,,,2.2,,,,,,,,0.24,2.26,,172,,0.0212,1.6,,,,3.44,0.037,,63,,0.02,,< 0.003,3.7,0.4,,,,,10.7,,,0.5,0.0228
